{
"lengthUnit": "mil",
"components": {
	"fields": ["COMPONENT_NO", "COMPONENT_NAME", "LAYER", "X_COORDINATE", "Y_COORDINATE", "ANGLE"],
	"rows": [
		[1, "C1", "T", 133.86, -30.51, 90],
		[2, "C2", "T", 133.86, 29.53, 90],
		[3, "C7", "T", -312.99, 79.72, 180],
		[4, "C8", "T", -312.99, 108.27, 180],
		[5, "C9", "T", 274.62, 29.53, 90],
		[6, "C10", "T", 94.49, 153.54, 270],
		[7, "C15", "T", 273.62, 153.54, 270],
		[8, "C18", "T", 273.62, -153.54, 90],
		[9, "C19", "T", 94.49, -153.54, 90],
		[10, "C24", "T", 274.62, -30.51, 90],
		[11, "C28", "T", -254.92, -171.26, 90],
		[12, "C29", "T", 62.99, -153.54, 90],
		[13, "C30", "T", -251.97, 221.46, 0],
		[14, "C31", "T", -129.72, -226.38, 0],
		[15, "C32", "B", -364.17, 172.24, 0],
		[16, "C33", "B", -303.15, 171.26, 180],
		[17, "C34", "B", -309.05, -104.33, 90],
		[18, "C35", "B", -240.17, 170.28, 180],
		[19, "C36", "B", 267.72, 133.86, 180],
		[20, "C37", "B", 238.19, 44.29, 0],
		[21, "C38", "B", 239.17, -43.31, 0],
		[22, "C39", "B", 239.17, -130.91, 0],
		[23, "C41", "B", 171.26, -218.5, 180],
		[24, "C42", "B", 171.26, -123.03, 180],
		[25, "C43", "B", 137.8, -123.08, 0],
		[26, "C44", "B", 136.82, -26.62, 0],
		[27, "C45", "B", 137.8, -218.56, 0],
		[28, "C46", "B", 75.79, -218.5, 180],
		[29, "C47", "B", 75.79, -122.09, 180],
		[30, "C48", "B", 75.79, -26.57, 180],
		[31, "C49", "T", -249.02, -225.39, 180],
		[32, "C50", "T", -189.37, -226.38, 0],
		[33, "C51", "T", -222.44, -171.26, 90],
		[34, "C52", "B", 315.94, -100.39, 0],
		[35, "C53", "B", 314.96, -187.01, 0],
		[36, "C54", "B", 313.99, -11.81, 0],
		[37, "C55", "B", 312.99, 76.77, 0],
		[38, "D2", "B", -248.03, -153.54, 270],
		[39, "D10", "T", -312.99, 0, 0],
		[40, "D11", "B", -309.05, -181.1, 90],
		[41, "D12", "T", -242.13, 163.39, 270],
		[42, "F2", "T", -314.96, -131.89, 270],
		[43, "H1", "T", 570.75, 0, 90],
		[44, "Q1", "B", -362.2, -129.92, 180],
		[45, "R10", "B", -364.17, 70.87, 0],
		[46, "R11", "B", 66.93, 194.88, 0],
		[47, "R12", "B", -364.17, -52.17, 0],
		[48, "R13", "T", 273.62, 90.55, 90],
		[49, "R20", "T", 273.62, -90.55, 90],
		[50, "R25", "T", -312.99, -47.24, 180],
		[51, "R26", "T", -312.99, 49.21, 180],
		[52, "R27", "T", -311.04, -226.39, 0],
		[53, "R28", "B", -364.17, -169.29, 180],
		[54, "R29", "B", -364.17, -90.55, 0],
		[55, "R30", "B", 427.16, -150.59, 0],
		[56, "R39", "T", -71.26, 221.46, 0],
		[57, "R40", "T", -131.5, 222.45, 180],
		[58, "R41", "T", -191.73, 221.47, 0],
		[59, "R42", "T", -312.99, 167.32, 180],
		[60, "R43", "T", -312.99, 137.79, 180],
		[61, "R44", "T", 49.21, -225.08, 180],
		[62, "R45", "T", 62.99, 153.54, 90],
		[63, "R46", "T", -10.43, -225.08, 180],
		[64, "R47", "T", -70.08, -226.06, 0],
		[65, "R48", "T", 49.21, 221.46, 0],
		[66, "R49", "T", -11.02, 221.46, 0],
		[67, "R50", "B", -350.39, -9.84, 270],
		[68, "R51", "B", -364.17, 129.92, 180],
		[69, "R52", "B", -364.17, 100.39, 0],
		[70, "R53", "B", 271.65, 43.31, 180],
		[71, "R54", "B", 271.65, -44.29, 180],
		[72, "R55", "B", 271.65, -218.5, 180],
		[73, "R56", "B", 271.65, -131.89, 180],
		[74, "R57", "B", 189.96, 1.97, 270],
		[75, "R58", "B", 194.88, -200.79, 180],
		[76, "R59", "B", 194.89, -105.32, 180],
		[77, "R60", "B", 194.88, -179.13, 0],
		[78, "R61", "B", 194.88, -159.45, 0],
		[79, "R62", "B", 194.88, -84.65, 0],
		[80, "R63", "B", -131.89, 108.27, 270],
		[81, "R64", "B", -131.89, -110.24, 90],
		[82, "R65", "B", 315.96, -79.73, 0],
		[83, "R66", "B", 315.96, -167.33, 0],
		[84, "R67", "B", 313.01, 96.46, 0],
		[85, "R68", "B", 313.99, 7.87, 0],
		[86, "SWAP_SWD", "T", 334.64, -151.57, 270],
		[87, "SWAP_UART", "T", 332.68, 155.51, 90],
		[88, "Touch1", "T", 186.22, 218.93, 0],
		[89, "Touch2", "T", 185.84, -218.59, 0],
		[90, "U1", "T", -80.71, 0, 90],
		[91, "U2", "T", -312.99, 222.2, 0],
		[92, "U3", "T", -312.99, 194.64, 0],
		[93, "U4", "B", 106.3, 120.08, 90],
		[94, "U5", "T", 187.01, 127.95, 0],
		[95, "U8", "T", 187.01, -127.95, 180],
		[96, "U11", "B", 107.28, 21.65, 90],
		[97, "U12", "B", 107.28, -74.8, 90],
		[98, "U13", "B", 107.28, -170.28, 90],
		[99, "U14", "B", -248.49, 88.03, 270],
		[100, "U15", "B", -248.49, -24.17, 180],
		[101, "U16", "B", 255.9, 88.58, 270],
		[102, "U17", "B", 255.9, 0, 270],
		[103, "U18", "B", 255.9, -175.2, 270],
		[104, "U19", "B", 255.9, -87.6, 270],
		[105, "USB1", "T", -456.56, 0, 270],
		[106, "X1", "T", 202.76, 0, 90]
	]
},
"pins": {
	"fields": ["PIN_NO", "PIN_NAME", "PIN_X", "PIN_Y", "LAYER", "PIN_TYPE", "NET_NAME", "NET_TYPE", "PAD_SHAPE", "PAD_SIZEX", "PAD_SIZEY", "HOLE_SIZE", "PAD_ANGLE"],
	"rows": [
		[1, "C1_1", 133.13, -47.55, "T", "SMD", "GND", "GND", "R", 13.78, 21.26, 0, 90],
		[2, "C1_2", 133.13, -13.47, "T", "SMD", "PD0_OSC_IN", "", "R", 13.78, 21.26, 0, 90],
		[3, "C2_1", 133.13, 12.49, "T", "SMD", "PD1_OSC_OUT", "", "R", 13.78, 21.26, 0, 90],
		[4, "C2_2", 133.13, 46.57, "T", "SMD", "GND", "GND", "R", 13.78, 21.26, 0, 90],
		[5, "C7_1", -295.95, 78.99, "T", "SMD", "GND", "GND", "R", 13.78, 21.26, 0, 180],
		[6, "C7_2", -330.03, 78.99, "T", "SMD", "VBUS", "", "R", 13.78, 21.26, 0, 180],
		[7, "C8_1", -295.89, 108.27, "T", "SMD", "GND", "GND", "R", 13.78, 21.26, 0, 180],
		[8, "C8_2", -329.97, 108.27, "T", "SMD", "VBUS", "", "R", 13.78, 21.26, 0, 180],
		[9, "C9_1", 273.89, 12.49, "T", "SMD", "GND", "GND", "R", 13.78, 21.26, 0, 90],
		[10, "C9_2", 273.89, 46.57, "T", "SMD", "HT3V3", "", "R", 13.78, 21.26, 0, 90],
		[11, "C10_1", 94.49, 170.65, "T", "SMD", "GND", "GND", "R", 13.78, 21.26, 0, 270],
		[12, "C10_2", 94.49, 136.57, "T", "SMD", "HT3V3", "", "R", 13.78, 21.26, 0, 270],
		[13, "C15_1", 273.62, 170.65, "T", "SMD", "$1N13597", "", "R", 13.78, 21.26, 0, 270],
		[14, "C15_2", 273.62, 136.57, "T", "SMD", "GND", "GND", "R", 13.78, 21.26, 0, 270],
		[15, "C18_1", 273.62, -170.65, "T", "SMD", "GND", "GND", "R", 13.78, 21.26, 0, 90],
		[16, "C18_2", 273.62, -136.57, "T", "SMD", "HT3V3", "", "R", 13.78, 21.26, 0, 90],
		[17, "C19_1", 94.49, -170.65, "T", "SMD", "$1N13901", "", "R", 13.78, 21.26, 0, 90],
		[18, "C19_2", 94.49, -136.57, "T", "SMD", "GND", "GND", "R", 13.78, 21.26, 0, 90],
		[19, "C24_1", 273.89, -47.55, "T", "SMD", "GND", "GND", "R", 13.78, 21.26, 0, 90],
		[20, "C24_2", 273.89, -13.47, "T", "SMD", "ME3V3", "", "R", 13.78, 21.26, 0, 90],
		[21, "C28_1", -255.65, -188.3, "T", "SMD", "GND", "GND", "R", 13.78, 21.26, 0, 90],
		[22, "C28_2", -255.65, -154.22, "T", "SMD", "HT3V3", "", "R", 13.78, 21.26, 0, 90],
		[23, "C29_1", 62.26, -170.58, "T", "SMD", "GND", "GND", "R", 13.78, 21.26, 0, 90],
		[24, "C29_2", 62.26, -136.5, "T", "SMD", "HT3V3", "", "R", 13.78, 21.26, 0, 90],
		[25, "C30_1", -269.01, 222.19, "T", "SMD", "GND", "GND", "R", 13.78, 21.26, 0, 0],
		[26, "C30_2", -234.93, 222.19, "T", "SMD", "HT3V3", "", "R", 13.78, 21.26, 0, 0],
		[27, "C31_1", -146.76, -225.65, "T", "SMD", "P7", "", "R", 13.78, 21.26, 0, 0],
		[28, "C31_2", -112.68, -225.65, "T", "SMD", "GND", "GND", "R", 13.78, 21.26, 0, 0],
		[29, "C32_1", -381.21, 171.51, "B", "SMD", "GND", "GND", "R", 13.78, 21.26, 0, 0],
		[30, "C32_2", -347.13, 171.51, "B", "SMD", "ME3V3", "", "R", 13.78, 21.26, 0, 0],
		[31, "C33_1", -286.05, 171.26, "B", "SMD", "GND", "GND", "R", 13.78, 21.26, 0, 180],
		[32, "C33_2", -320.13, 171.26, "B", "SMD", "ME3V3", "", "R", 13.78, 21.26, 0, 180],
		[33, "C34_1", -309.06, -121.43, "B", "SMD", "5V0", "", "R", 13.78, 21.26, 0, 90],
		[34, "C34_2", -309.06, -87.35, "B", "SMD", "GND", "GND", "R", 13.78, 21.26, 0, 90],
		[35, "C35_1", -223.13, 171.01, "B", "SMD", "5V0", "", "R", 13.78, 21.26, 0, 180],
		[36, "C35_2", -257.21, 171.01, "B", "SMD", "GND", "GND", "R", 13.78, 21.26, 0, 180],
		[37, "C36_1", 276.57, 133.86, "B", "SMD", "GND", "GND", "R", 5.91, 11.81, 0, 180],
		[38, "C36_2", 258.86, 133.86, "B", "SMD", "HT3V3", "", "R", 5.91, 11.81, 0, 180],
		[39, "C37_1", 229.33, 44.29, "B", "SMD", "GND", "GND", "R", 5.91, 11.81, 0, 0],
		[40, "C37_2", 247.05, 44.29, "B", "SMD", "HT3V3", "", "R", 5.91, 11.81, 0, 0],
		[41, "C38_1", 230.31, -43.31, "B", "SMD", "GND", "GND", "R", 5.91, 11.81, 0, 0],
		[42, "C38_2", 248.03, -43.31, "B", "SMD", "HT3V3", "", "R", 5.91, 11.81, 0, 0],
		[43, "C39_1", 230.31, -130.91, "B", "SMD", "HT3V3", "", "R", 5.91, 11.81, 0, 0],
		[44, "C39_2", 248.03, -130.91, "B", "SMD", "HT3V3", "", "R", 5.91, 11.81, 0, 0],
		[45, "C41_1", 180.12, -218.5, "B", "SMD", "GND", "GND", "R", 5.91, 11.81, 0, 180],
		[46, "C41_2", 162.4, -218.5, "B", "SMD", "ME3V3", "", "R", 5.91, 11.81, 0, 180],
		[47, "C42_1", 180.12, -123.03, "B", "SMD", "GND", "GND", "R", 5.91, 11.81, 0, 180],
		[48, "C42_2", 162.4, -123.03, "B", "SMD", "ME3V3", "", "R", 5.91, 11.81, 0, 180],
		[49, "C43_1", 128.95, -123.08, "B", "SMD", "GND", "GND", "R", 5.91, 11.81, 0, 0],
		[50, "C43_2", 146.66, -123.08, "B", "SMD", "ME3V3", "", "R", 5.91, 11.81, 0, 0],
		[51, "C44_1", 127.96, -26.62, "B", "SMD", "GND", "GND", "R", 5.91, 11.81, 0, 0],
		[52, "C44_2", 145.68, -26.62, "B", "SMD", "ME3V3", "", "R", 5.91, 11.81, 0, 0],
		[53, "C45_1", 128.95, -218.56, "B", "SMD", "GND", "GND", "R", 5.91, 11.81, 0, 0],
		[54, "C45_2", 146.66, -218.56, "B", "SMD", "ME3V3", "", "R", 5.91, 11.81, 0, 0],
		[55, "C46_1", 84.65, -218.5, "B", "SMD", "GND", "GND", "R", 5.91, 11.81, 0, 180],
		[56, "C46_2", 66.93, -218.5, "B", "SMD", "HT3V3", "", "R", 5.91, 11.81, 0, 180],
		[57, "C47_1", 84.65, -122.09, "B", "SMD", "GND", "GND", "R", 5.91, 11.81, 0, 180],
		[58, "C47_2", 66.93, -122.09, "B", "SMD", "HT3V3", "", "R", 5.91, 11.81, 0, 180],
		[59, "C48_1", 84.65, -26.57, "B", "SMD", "GND", "GND", "R", 5.91, 11.81, 0, 180],
		[60, "C48_2", 66.93, -26.57, "B", "SMD", "HT3V3", "", "R", 5.91, 11.81, 0, 180],
		[61, "C49_1", -231.98, -226.12, "T", "SMD", "GND", "GND", "R", 13.78, 21.26, 0, 180],
		[62, "C49_2", -266.06, -226.12, "T", "SMD", "HT3V3", "", "R", 13.78, 21.26, 0, 180],
		[63, "C50_1", -206.41, -225.65, "T", "SMD", "GND", "GND", "R", 13.78, 21.26, 0, 0],
		[64, "C50_2", -172.33, -225.65, "T", "SMD", "HT3V3", "", "R", 13.78, 21.26, 0, 0],
		[65, "C51_1", -223.17, -188.3, "T", "SMD", "GND", "GND", "R", 13.78, 21.26, 0, 90],
		[66, "C51_2", -223.17, -154.22, "T", "SMD", "HT3V3", "", "R", 13.78, 21.26, 0, 90],
		[67, "C52_1", 307.82, -101.13, "B", "SMD", "P1.1_SWDIO_SWD", "", "R", 5.91, 11.81, 0, 0],
		[68, "C52_2", 325.53, -101.13, "B", "SMD", "GND", "GND", "R", 5.91, 11.81, 0, 0],
		[69, "C53_1", 306.83, -187.74, "B", "SMD", "P1.4_SWCLK_SWD", "", "R", 5.91, 11.81, 0, 0],
		[70, "C53_2", 324.55, -187.74, "B", "SMD", "GND", "GND", "R", 5.91, 11.81, 0, 0],
		[71, "C54_1", 305.86, -12.54, "B", "SMD", "P3.0_RXD_SWD", "", "R", 5.91, 11.81, 0, 0],
		[72, "C54_2", 323.58, -12.54, "B", "SMD", "GND", "GND", "R", 5.91, 11.81, 0, 0],
		[73, "C55_1", 304.86, 76.04, "B", "SMD", "P3.0_TXD_SWD", "", "R", 5.91, 11.81, 0, 0],
		[74, "C55_2", 322.58, 76.04, "B", "SMD", "GND", "GND", "R", 5.91, 11.81, 0, 0],
		[75, "D2_1", -248.17, -215.82, "B", "SMD", "5V0", "", "R", 19.68, 41.73, 0, 90],
		[76, "D2_2", -248.17, -89.14, "B", "SMD", "GND", "GND", "R", 19.68, 41.73, 0, 90],
		[77, "D10_1", -284.45, -19.68, "T", "SMD", "P33_U1_USB_DP", "", "R", 11.81, 19.68, 0, 90],
		[78, "D10_2", -284.45, -0.01, "T", "SMD", "GND", "GND", "R", 11.81, 19.68, 0, 90],
		[79, "D10_3", -284.45, 19.68, "T", "SMD", "P32_U1_USB_DN", "", "R", 11.81, 19.68, 0, 90],
		[80, "D10_4", -341.53, 19.68, "T", "SMD", "USB_DN", "", "R", 11.81, 19.68, 0, 90],
		[81, "D10_5", -341.53, -0.01, "T", "SMD", "VBUS", "", "R", 11.81, 19.68, 0, 90],
		[82, "D10_6", -341.53, -19.68, "T", "SMD", "USB_DP", "", "R", 11.81, 19.68, 0, 90],
		[83, "D11_1", -308.64, -198.14, "B", "SMD", "5V0", "", "R", 13.78, 21.26, 0, 90],
		[84, "D11_2", -308.64, -164.06, "B", "SMD", "ME3V3", "", "R", 13.78, 21.26, 0, 90],
		[85, "D12_1", -261.81, 132.09, "T", "SMD", "GND", "GND", "R", 12.6, 13.78, 0, 0],
		[86, "D12_2", -242.13, 132.88, "T", "SMD", "GND", "GND", "R", 11.81, 15.75, 0, 0],
		[87, "D12_3", -222.44, 134.85, "T", "SMD", "P22P45", "", "R", 11.81, 19.68, 0, 0],
		[88, "D12_4", -222.44, 191.93, "T", "SMD", "D12_4", "", "R", 11.81, 19.68, 0, 0],
		[89, "D12_5", -242.13, 191.93, "T", "SMD", "P1_LED1", "", "R", 11.81, 19.68, 0, 0],
		[90, "D12_6", -261.81, 193.7, "T", "SMD", "D12_6", "", "R", 11.81, 15.75, 0, 0],
		[91, "F2_1", -314.23, -79.47, "T", "SMD", "VBUS", "", "R", 19.68, 62.99, 0, 270],
		[92, "F2_2", -314.23, -185.77, "T", "SMD", "5V0", "", "R", 19.68, 62.99, 0, 270],
		[93, "H1_1", 570.75, -200, "T", "SMD", "$1N17509", "", "R", 66.93, 137.8, 0, 90],
		[94, "H1_2", 570.75, -200, "B", "SMD", "VEXT", "", "R", 66.93, 137.8, 0, 90],
		[95, "H1_3", 570.75, -100, "T", "SMD", "$1N17548", "", "R", 66.93, 137.8, 0, 90],
		[96, "H1_4", 570.75, -100, "B", "SMD", "SWM", "", "R", 66.93, 137.8, 0, 90],
		[97, "H1_5", 570.75, 0, "T", "SMD", "GND", "GND", "R", 66.93, 137.8, 0, 90],
		[98, "H1_6", 570.75, 0, "B", "SMD", "SYNC_RST", "", "R", 66.93, 137.8, 0, 90],
		[99, "H1_7", 570.75, 100, "T", "SMD", "$1N17849", "", "R", 66.93, 137.8, 0, 90],
		[100, "H1_8", 570.75, 100, "B", "SMD", "ME3V3", "", "R", 66.93, 137.8, 0, 90],
		[101, "H1_9", 570.75, 200, "T", "SMD", "$1N17847", "", "R", 66.93, 137.8, 0, 90],
		[102, "H1_10", 570.75, 200, "B", "SMD", "5V0", "", "R", 66.93, 137.8, 0, 90],
		[103, "Q1_1", -383.05, -145.67, "B", "SMD", "$1N89213", "", "R", 19.68, 9.84, 0, 180],
		[104, "Q1_2", -383.05, -114.17, "B", "SMD", "5V0", "", "R", 19.68, 9.84, 0, 180],
		[105, "Q1_3", -341.35, -129.92, "B", "SMD", "ME3V3", "", "R", 19.68, 12.99, 0, 180],
		[106, "R10_1", -381.21, 70.45, "B", "SMD", "$1N1017", "", "R", 13.78, 21.26, 0, 0],
		[107, "R10_2", -347.13, 70.45, "B", "SMD", "GND", "GND", "R", 13.78, 21.26, 0, 0],
		[108, "R11_1", 49.89, 194.46, "B", "SMD", "$1N59591", "", "R", 13.78, 21.26, 0, 0],
		[109, "R11_2", 83.97, 194.46, "B", "SMD", "5V0", "", "R", 13.78, 21.26, 0, 0],
		[110, "R12_1", -381.21, -52.58, "B", "SMD", "$1N826", "", "R", 13.78, 21.26, 0, 0],
		[111, "R12_2", -347.13, -52.58, "B", "SMD", "GND", "GND", "R", 13.78, 21.26, 0, 0],
		[112, "R13_1", 273.2, 73.51, "T", "SMD", "$1N14250", "", "R", 13.78, 21.26, 0, 90],
		[113, "R13_2", 273.2, 107.59, "T", "SMD", "GND", "GND", "R", 13.78, 21.26, 0, 90],
		[114, "R20_1", 273.2, -107.59, "T", "SMD", "$1N14251", "", "R", 13.78, 21.26, 0, 90],
		[115, "R20_2", 273.2, -73.51, "T", "SMD", "GND", "GND", "R", 13.78, 21.26, 0, 90],
		[116, "R25_1", -295.95, -47.66, "T", "SMD", "P33_U1_USB_DP", "", "R", 13.78, 21.26, 0, 180],
		[117, "R25_2", -330.03, -47.66, "T", "SMD", "USB_DP", "", "R", 13.78, 21.26, 0, 180],
		[118, "R26_1", -295.95, 48.79, "T", "SMD", "P32_U1_USB_DN", "", "R", 13.78, 21.26, 0, 180],
		[119, "R26_2", -330.03, 48.8, "T", "SMD", "USB_DN", "", "R", 13.78, 21.26, 0, 180],
		[120, "R27_1", -328.08, -225.97, "T", "SMD", "P33_U1_USB_DP", "", "R", 13.78, 21.26, 0, 0],
		[121, "R27_2", -294, -225.97, "T", "SMD", "HT3V3", "", "R", 13.78, 21.26, 0, 0],
		[122, "R28_1", -347.13, -168.87, "B", "SMD", "P39_R_Q", "", "R", 13.78, 21.26, 0, 180],
		[123, "R28_2", -381.21, -168.87, "B", "SMD", "$1N89213", "", "R", 13.78, 21.26, 0, 180],
		[124, "R29_1", -381.21, -90.97, "B", "SMD", "5V0", "", "R", 13.78, 21.26, 0, 0],
		[125, "R29_2", -347.13, -90.97, "B", "SMD", "P39_R_Q", "", "R", 13.78, 21.26, 0, 0],
		[126, "R30_1", 410.12, -151.01, "B", "SMD", "ME3V3", "", "R", 13.78, 21.26, 0, 0],
		[127, "R30_2", 444.2, -151.01, "B", "SMD", "VEXT", "", "R", 13.78, 21.26, 0, 0],
		[128, "R39_1", -88.3, 221.87, "T", "SMD", "P22P45", "", "R", 13.78, 21.26, 0, 0],
		[129, "R39_2", -54.22, 221.87, "T", "SMD", "SWM", "", "R", 13.78, 21.26, 0, 0],
		[130, "R40_1", -114.46, 222.03, "T", "SMD", "P21P43P46", "", "R", 13.78, 21.26, 0, 180],
		[131, "R40_2", -148.54, 222.03, "T", "SMD", "P22P45", "", "R", 13.78, 21.26, 0, 180],
		[132, "R41_1", -208.77, 221.89, "T", "SMD", "P1_LED1", "", "R", 13.78, 21.26, 0, 0],
		[133, "R41_2", -174.69, 221.89, "T", "SMD", "P22P45", "", "R", 13.78, 21.26, 0, 0],
		[134, "R42_1", -295.95, 166.9, "T", "SMD", "P30_LED", "", "R", 13.78, 21.26, 0, 180],
		[135, "R42_2", -330.03, 166.9, "T", "SMD", "$1N98817", "", "R", 13.78, 21.26, 0, 180],
		[136, "R43_1", -295.95, 137.38, "T", "SMD", "P30_LED", "", "R", 13.78, 21.26, 0, 180],
		[137, "R43_2", -330.03, 137.38, "T", "SMD", "$1N98819", "", "R", 13.78, 21.26, 0, 180],
		[138, "R44_1", 66.25, -225.5, "T", "SMD", "P1_LED1", "", "R", 13.78, 21.26, 0, 180],
		[139, "R44_2", 32.17, -225.5, "T", "SMD", "P10", "", "R", 13.78, 21.26, 0, 180],
		[140, "R45_1", 62.57, 136.5, "T", "SMD", "P7", "", "R", 13.78, 21.26, 0, 90],
		[141, "R45_2", 62.57, 170.58, "T", "SMD", "P1_LED1", "", "R", 13.78, 21.26, 0, 90],
		[142, "R46_1", 6.61, -225.5, "T", "SMD", "P10", "", "R", 13.78, 21.26, 0, 180],
		[143, "R46_2", -27.47, -225.5, "T", "SMD", "GND", "GND", "R", 13.78, 21.26, 0, 180],
		[144, "R47_1", -87.12, -225.65, "T", "SMD", "GND", "GND", "R", 13.78, 21.26, 0, 0],
		[145, "R47_2", -53.04, -225.65, "T", "SMD", "BOOT0", "", "R", 13.78, 21.26, 0, 0],
		[146, "R48_1", 32.17, 221.87, "T", "SMD", "P11", "", "R", 13.78, 21.26, 0, 0],
		[147, "R48_2", 66.25, 221.87, "T", "SMD", "ME3V3", "", "R", 13.78, 21.26, 0, 0],
		[148, "R49_1", -28.06, 221.87, "T", "SMD", "GND", "GND", "R", 13.78, 21.26, 0, 0],
		[149, "R49_2", 6.02, 221.87, "T", "SMD", "P11", "", "R", 13.78, 21.26, 0, 0],
		[150, "R50_1", -350.81, 7.2, "B", "SMD", "$1N99200", "", "R", 13.78, 21.26, 0, 270],
		[151, "R50_2", -350.81, -26.88, "B", "SMD", "ME3V3", "", "R", 13.78, 21.26, 0, 270],
		[152, "R51_1", -347.13, 130.34, "B", "SMD", "$1N99201", "", "R", 13.78, 21.26, 0, 180],
		[153, "R51_2", -381.21, 130.34, "B", "SMD", "ME3V3", "", "R", 13.78, 21.26, 0, 180],
		[154, "R52_1", -381.21, 99.98, "B", "SMD", "GND", "GND", "R", 13.78, 21.26, 0, 0],
		[155, "R52_2", -347.13, 99.98, "B", "SMD", "$1N99201", "", "R", 13.78, 21.26, 0, 0],
		[156, "R53_1", 280.28, 44.04, "B", "SMD", "GND", "GND", "R", 5.91, 11.81, 0, 180],
		[157, "R53_2", 262.56, 44.04, "B", "SMD", "GND", "GND", "R", 5.91, 11.81, 0, 180],
		[158, "R54_1", 280.28, -43.56, "B", "SMD", "GND", "GND", "R", 5.91, 11.81, 0, 180],
		[159, "R54_2", 262.56, -43.56, "B", "SMD", "GND", "GND", "R", 5.91, 11.81, 0, 180],
		[160, "R55_1", 280.28, -217.77, "B", "SMD", "GND", "GND", "R", 5.91, 11.81, 0, 180],
		[161, "R55_2", 262.56, -217.77, "B", "SMD", "GND", "GND", "R", 5.91, 11.81, 0, 180],
		[162, "R56_1", 280.28, -131.16, "B", "SMD", "GND", "GND", "R", 5.91, 11.81, 0, 180],
		[163, "R56_2", 262.56, -131.16, "B", "SMD", "GND", "GND", "R", 5.91, 11.81, 0, 180],
		[164, "R57_1", 189.23, 10.6, "B", "SMD", "SYNC_RX", "", "R", 5.91, 11.81, 0, 270],
		[165, "R57_2", 189.23, -7.12, "B", "SMD", "ME3V3", "", "R", 5.91, 11.81, 0, 270],
		[166, "R58_1", 203.51, -200.05, "B", "SMD", "SYNC_RST", "", "R", 5.91, 11.81, 0, 180],
		[167, "R58_2", 185.79, -200.05, "B", "SMD", "ME3V3", "", "R", 5.91, 11.81, 0, 180],
		[168, "R59_1", 203.52, -104.59, "B", "SMD", "SYNC_SWCLK", "", "R", 5.91, 11.81, 0, 180],
		[169, "R59_2", 185.8, -104.59, "B", "SMD", "ME3V3", "", "R", 5.91, 11.81, 0, 180],
		[170, "R60_1", 186.25, -179.87, "B", "SMD", "B_RST", "", "R", 5.91, 11.81, 0, 0],
		[171, "R60_2", 203.97, -179.87, "B", "SMD", "SYNC_RST", "", "R", 5.91, 11.81, 0, 0],
		[172, "R61_1", 186.25, -160.18, "B", "SMD", "B_SWDIO", "", "R", 5.91, 11.81, 0, 0],
		[173, "R61_2", 203.97, -160.18, "B", "SMD", "SYNC_SWDIO", "", "R", 5.91, 11.81, 0, 0],
		[174, "R62_1", 186.25, -85.38, "B", "SMD", "B_SWCLK", "", "R", 5.91, 11.81, 0, 0],
		[175, "R62_2", 203.97, -85.38, "B", "SMD", "SYNC_SWCLK", "", "R", 5.91, 11.81, 0, 0],
		[176, "R63_1", -132.62, 116.9, "B", "SMD", "P25", "", "R", 5.91, 11.81, 0, 270],
		[177, "R63_2", -132.62, 99.18, "B", "SMD", "P27_DIO", "", "R", 5.91, 11.81, 0, 270],
		[178, "R64_1", -131.16, -118.86, "B", "SMD", "P41", "", "R", 5.91, 11.81, 0, 90],
		[179, "R64_2", -131.16, -101.15, "B", "SMD", "P42", "", "R", 5.91, 11.81, 0, 90],
		[180, "R65_1", 307.33, -79.96, "B", "SMD", "P1.1_SWDIO_SWD", "", "R", 5.91, 11.81, 0, 0],
		[181, "R65_2", 325.05, -79.96, "B", "SMD", "$1N17509", "", "R", 5.91, 11.81, 0, 0],
		[182, "R66_1", 307.33, -167.56, "B", "SMD", "P1.4_SWCLK_SWD", "", "R", 5.91, 11.81, 0, 0],
		[183, "R66_2", 325.05, -167.56, "B", "SMD", "$1N17548", "", "R", 5.91, 11.81, 0, 0],
		[184, "R67_1", 304.38, 96.23, "B", "SMD", "P3.0_TXD_SWD", "", "R", 5.91, 11.81, 0, 0],
		[185, "R67_2", 322.1, 96.23, "B", "SMD", "$1N17847", "", "R", 5.91, 11.81, 0, 0],
		[186, "R68_1", 305.36, 7.64, "B", "SMD", "P3.0_RXD_SWD", "", "R", 5.91, 11.81, 0, 0],
		[187, "R68_2", 323.08, 7.64, "B", "SMD", "$1N17849", "", "R", 5.91, 11.81, 0, 0],
		[188, "SWAP_SWD_1", 334.51, -126, "T", "SMD", "$1N14251", "", "R", 31.5, 13.78, 0, 0],
		[189, "SWAP_SWD_2", 334.78, -177.18, "T", "SMD", "SWD_DIR", "", "R", 31.5, 13.78, 0, 0],
		[190, "SWAP_UART_1", 332.81, 129.94, "T", "SMD", "$1N14250", "", "R", 31.5, 13.78, 0, 180],
		[191, "SWAP_UART_2", 332.54, 181.12, "T", "SMD", "UART_DIR", "", "R", 31.5, 13.78, 0, 180],
		[192, "Touch1_1", 186.22, 218.93, "T", "SMD", "$1N13597", "", "R", 196.85, 47.64, 0, 0],
		[193, "Touch2_1", 185.84, -218.59, "T", "SMD", "$1N13901", "", "R", 196.85, 47.64, 0, 0],
		[194, "U1_1", 86.61, -108.27, "T", "SMD", "P1_LED1", "", "R", 10.63, 39.37, 0, 90],
		[195, "U1_2", 86.61, -88.58, "T", "SMD", "U1_2", "", "R", 10.63, 39.37, 0, 90],
		[196, "U1_3", 86.61, -68.9, "T", "SMD", "P3_DIR", "", "R", 10.63, 39.37, 0, 90],
		[197, "U1_4", 86.61, -49.21, "T", "SMD", "P4_DIR", "", "R", 10.63, 39.37, 0, 90],
		[198, "U1_5", 86.61, -29.53, "T", "SMD", "PD0_OSC_IN", "", "R", 10.63, 39.37, 0, 90],
		[199, "U1_6", 86.61, -9.84, "T", "SMD", "PD1_OSC_OUT", "", "R", 10.63, 39.37, 0, 90],
		[200, "U1_7", 86.61, 9.84, "T", "SMD", "P7", "", "R", 10.63, 39.37, 0, 90],
		[201, "U1_8", 86.61, 29.53, "T", "SMD", "GND", "GND", "R", 10.63, 39.37, 0, 90],
		[202, "U1_9", 86.61, 49.21, "T", "SMD", "HT3V3", "", "R", 10.63, 39.37, 0, 90],
		[203, "U1_10", 86.61, 68.9, "T", "SMD", "P10", "", "R", 10.63, 39.37, 0, 90],
		[204, "U1_11", 86.61, 88.58, "T", "SMD", "P11", "", "R", 10.63, 39.37, 0, 90],
		[205, "U1_12", 86.61, 108.27, "T", "SMD", "P12_TX", "", "R", 10.63, 39.37, 0, 90],
		[206, "U1_13", 27.56, 167.32, "T", "SMD", "P13_RX", "", "R", 39.37, 10.63, 0, 90],
		[207, "U1_14", 7.87, 167.32, "T", "SMD", "U1_14", "", "R", 39.37, 10.63, 0, 90],
		[208, "U1_15", -11.81, 167.32, "T", "SMD", "U1_15", "", "R", 39.37, 10.63, 0, 90],
		[209, "U1_16", -31.5, 167.32, "T", "SMD", "U1_16", "", "R", 39.37, 10.63, 0, 90],
		[210, "U1_17", -51.18, 167.32, "T", "SMD", "U1_17", "", "R", 39.37, 10.63, 0, 90],
		[211, "U1_18", -70.87, 167.32, "T", "SMD", "U1_18", "", "R", 39.37, 10.63, 0, 90],
		[212, "U1_19", -90.55, 167.32, "T", "SMD", "U1_19", "", "R", 39.37, 10.63, 0, 90],
		[213, "U1_20", -110.24, 167.32, "T", "SMD", "GND", "GND", "R", 39.37, 10.63, 0, 90],
		[214, "U1_21", -129.92, 167.32, "T", "SMD", "P21P43P46", "", "R", 39.37, 10.63, 0, 90],
		[215, "U1_22", -149.61, 167.32, "T", "SMD", "P22P45", "", "R", 39.37, 10.63, 0, 90],
		[216, "U1_23", -169.29, 167.32, "T", "SMD", "GND", "GND", "R", 39.37, 10.63, 0, 90],
		[217, "U1_24", -188.98, 167.32, "T", "SMD", "HT3V3", "", "R", 39.37, 10.63, 0, 90],
		[218, "U1_25", -248.03, 108.27, "T", "SMD", "P25", "", "R", 10.63, 39.37, 0, 90],
		[219, "U1_26", -248.03, 88.58, "T", "SMD", "P26_CLK", "", "R", 10.63, 39.37, 0, 90],
		[220, "U1_27", -248.03, 68.9, "T", "SMD", "P27_DIO", "", "R", 10.63, 39.37, 0, 90],
		[221, "U1_28", -248.03, 49.21, "T", "SMD", "P28_DIR", "", "R", 10.63, 39.37, 0, 90],
		[222, "U1_29", -248.03, 29.53, "T", "SMD", "U1_29", "", "R", 10.63, 39.37, 0, 90],
		[223, "U1_30", -248.03, 9.84, "T", "SMD", "P30_LED", "", "R", 10.63, 39.37, 0, 90],
		[224, "U1_31", -248.03, -9.84, "T", "SMD", "U1_31", "", "R", 10.63, 39.37, 0, 90],
		[225, "U1_32", -248.03, -29.53, "T", "SMD", "P32_U1_USB_DN", "", "R", 10.63, 39.37, 0, 90],
		[226, "U1_33", -248.03, -49.21, "T", "SMD", "P33_U1_USB_DP", "", "R", 10.63, 39.37, 0, 90],
		[227, "U1_34", -248.03, -68.9, "T", "SMD", "GD_DIO", "", "R", 10.63, 39.37, 0, 90],
		[228, "U1_35", -248.03, -88.58, "T", "SMD", "GND", "GND", "R", 10.63, 39.37, 0, 90],
		[229, "U1_36", -248.03, -108.27, "T", "SMD", "HT3V3", "", "R", 10.63, 39.37, 0, 90],
		[230, "U1_37", -188.98, -167.32, "T", "SMD", "GD_CLK", "", "R", 39.37, 10.63, 0, 90],
		[231, "U1_38", -169.29, -167.32, "T", "SMD", "U1_38", "", "R", 39.37, 10.63, 0, 90],
		[232, "U1_39", -149.61, -167.32, "T", "SMD", "P39_R_Q", "", "R", 39.37, 10.63, 0, 90],
		[233, "U1_40", -129.92, -167.32, "T", "SMD", "P40_CE", "", "R", 39.37, 10.63, 0, 90],
		[234, "U1_41", -110.24, -167.32, "T", "SMD", "P41", "", "R", 39.37, 10.63, 0, 90],
		[235, "U1_42", -90.55, -167.32, "T", "SMD", "P42", "", "R", 39.37, 10.63, 0, 90],
		[236, "U1_43", -70.87, -167.32, "T", "SMD", "P21P43P46", "", "R", 39.37, 10.63, 0, 90],
		[237, "U1_44", -51.18, -167.32, "T", "SMD", "BOOT0", "", "R", 39.37, 10.63, 0, 90],
		[238, "U1_45", -31.5, -167.32, "T", "SMD", "P22P45", "", "R", 39.37, 10.63, 0, 90],
		[239, "U1_46", -11.81, -167.32, "T", "SMD", "P21P43P46", "", "R", 39.37, 10.63, 0, 90],
		[240, "U1_47", 7.87, -167.32, "T", "SMD", "GND", "GND", "R", 39.37, 10.63, 0, 90],
		[241, "U1_48", 27.56, -167.32, "T", "SMD", "HT3V3", "", "R", 39.37, 10.63, 0, 90],
		[242, "U2_1", -331.18, 222.42, "T", "SMD", "$1N98817", "", "R", 13.78, 19.68, 0, 0],
		[243, "U2_2", -294.8, 222.42, "T", "SMD", "P1_LED1", "", "R", 13.78, 19.68, 0, 0],
		[244, "U3_1", -331.18, 194.64, "T", "SMD", "GND", "GND", "R", 13.78, 19.68, 0, 0],
		[245, "U3_2", -294.8, 194.64, "T", "SMD", "$1N98819", "", "R", 13.78, 19.68, 0, 0],
		[246, "U4_1", 55.11, 83.41, "B", "SMD", "5V0", "", "R", 23.62, 23.62, 0, 180],
		[247, "U4_2", 55.11, 120.81, "B", "SMD", "GND", "GND", "R", 23.62, 23.62, 0, 180],
		[248, "U4_3", 55.11, 158.21, "B", "SMD", "$1N59591", "", "R", 23.62, 23.62, 0, 180],
		[249, "U4_4", 157.48, 158.21, "B", "SMD", "U4_4", "", "R", 23.62, 23.62, 0, 180],
		[250, "U4_5", 157.48, 83.41, "B", "SMD", "HT3V3", "", "R", 23.62, 23.62, 0, 180],
		[251, "U5_1", 240.16, 90.55, "T", "SMD", "UART_DIR", "", "R", 23.62, 23.62, 0, 0],
		[252, "U5_2", 240.16, 127.95, "T", "SMD", "GND", "GND", "R", 23.62, 23.62, 0, 0],
		[253, "U5_3", 240.16, 165.35, "T", "SMD", "$1N13597", "", "R", 23.62, 23.62, 0, 0],
		[254, "U5_4", 133.86, 165.35, "T", "SMD", "GND", "GND", "R", 23.62, 23.62, 0, 0],
		[255, "U5_5", 133.86, 127.95, "T", "SMD", "HT3V3", "", "R", 23.62, 23.62, 0, 0],
		[256, "U5_6", 133.86, 90.55, "T", "SMD", "HT3V3", "", "R", 23.62, 23.62, 0, 0],
		[257, "U8_1", 133.86, -90.55, "T", "SMD", "SWD_DIR", "", "R", 23.62, 23.62, 0, 180],
		[258, "U8_2", 133.86, -127.95, "T", "SMD", "GND", "GND", "R", 23.62, 23.62, 0, 180],
		[259, "U8_3", 133.86, -165.35, "T", "SMD", "$1N13901", "", "R", 23.62, 23.62, 0, 180],
		[260, "U8_4", 240.16, -165.35, "T", "SMD", "GND", "GND", "R", 23.62, 23.62, 0, 180],
		[261, "U8_5", 240.16, -127.95, "T", "SMD", "HT3V3", "", "R", 23.62, 23.62, 0, 180],
		[262, "U8_6", 240.16, -90.55, "T", "SMD", "HT3V3", "", "R", 23.62, 23.62, 0, 180],
		[263, "U11_1", 52.06, -7.88, "B", "SMD", "HT3V3", "", "R", 11.02, 19.68, 0, 90],
		[264, "U11_2", 52.06, 11.81, "B", "SMD", "P13_RX", "", "R", 11.02, 19.68, 0, 90],
		[265, "U11_3", 52.06, 31.49, "B", "SMD", "U11_3", "", "R", 11.02, 19.68, 0, 90],
		[266, "U11_4", 52.06, 51.18, "B", "SMD", "GND", "GND", "R", 11.02, 19.68, 0, 90],
		[267, "U11_5", 162.5, 51.18, "B", "SMD", "P3_DIR", "", "R", 11.02, 19.68, 0, 90],
		[268, "U11_6", 162.5, 31.49, "B", "SMD", "U11_6", "", "R", 11.02, 19.68, 0, 90],
		[269, "U11_7", 162.5, 11.81, "B", "SMD", "SYNC_RX", "", "R", 11.02, 19.68, 0, 90],
		[270, "U11_8", 162.5, -7.88, "B", "SMD", "ME3V3", "", "R", 11.02, 19.68, 0, 90],
		[271, "U12_1", 52.06, -104.33, "B", "SMD", "HT3V3", "", "R", 11.02, 19.68, 0, 90],
		[272, "U12_2", 52.06, -84.64, "B", "SMD", "P26_CLK", "", "R", 11.02, 19.68, 0, 90],
		[273, "U12_3", 52.06, -64.96, "B", "SMD", "P12_TX", "", "R", 11.02, 19.68, 0, 90],
		[274, "U12_4", 52.06, -45.27, "B", "SMD", "GND", "GND", "R", 11.02, 19.68, 0, 90],
		[275, "U12_5", 162.5, -45.27, "B", "SMD", "P4_DIR", "", "R", 11.02, 19.68, 0, 90],
		[276, "U12_6", 162.5, -64.96, "B", "SMD", "SYNC_TX", "", "R", 11.02, 19.68, 0, 90],
		[277, "U12_7", 162.5, -84.64, "B", "SMD", "B_SWCLK", "", "R", 11.02, 19.68, 0, 90],
		[278, "U12_8", 162.5, -104.33, "B", "SMD", "ME3V3", "", "R", 11.02, 19.68, 0, 90],
		[279, "U13_1", 52.06, -199.81, "B", "SMD", "HT3V3", "", "R", 11.02, 19.68, 0, 90],
		[280, "U13_2", 52.06, -180.12, "B", "SMD", "P42", "", "R", 11.02, 19.68, 0, 90],
		[281, "U13_3", 52.06, -160.44, "B", "SMD", "P27_DIO", "", "R", 11.02, 19.68, 0, 90],
		[282, "U13_4", 52.06, -140.75, "B", "SMD", "GND", "GND", "R", 11.02, 19.68, 0, 90],
		[283, "U13_5", 162.5, -140.75, "B", "SMD", "P28_DIR", "", "R", 11.02, 19.68, 0, 90],
		[284, "U13_6", 162.5, -160.44, "B", "SMD", "B_SWDIO", "", "R", 11.02, 19.68, 0, 90],
		[285, "U13_7", 162.5, -180.12, "B", "SMD", "B_RST", "", "R", 11.02, 19.68, 0, 90],
		[286, "U13_8", 162.5, -199.81, "B", "SMD", "ME3V3", "", "R", 11.02, 19.68, 0, 90],
		[287, "U14_1", -278.01, 118.54, "B", "SMD", "P40_CE", "", "R", 15.75, 9.84, 0, 90],
		[288, "U14_2", -258.28, 114.58, "B", "SMD", "$1N99200", "", "R", 23.62, 9.84, 0, 90],
		[289, "U14_3", -238.68, 114.58, "B", "SMD", "$1N99201", "", "R", 23.62, 9.84, 0, 90],
		[290, "U14_4", -218.98, 114.58, "B", "SMD", "ME3V3", "", "R", 23.62, 9.84, 0, 90],
		[291, "U14_5", -224.85, 61.46, "B", "SMD", "GND", "GND", "R", 59.05, 11.81, 0, 90],
		[292, "U14_6", -248.47, 61.46, "B", "SMD", "$1N99195", "", "R", 59.05, 11.81, 0, 90],
		[293, "U14_7", -272.1, 61.46, "B", "SMD", "5V0", "", "R", 59.05, 11.81, 0, 90],
		[294, "U15_1", -218.96, -24.17, "B", "SMD", "$1N99195", "", "R", 19.68, 66.93, 0, 180],
		[295, "U15_2", -278.02, -24.17, "B", "SMD", "ME3V3", "", "R", 19.68, 66.93, 0, 180],
		[296, "U16_A1", 240.4, 111.96, "B", "SMD", "UART_DIR", "", "C", 8.5, 8.5, 0, 270],
		[297, "U16_A2", 240.4, 96.21, "B", "SMD", "U16_A2", "", "C", 8.5, 8.5, 0, 270],
		[298, "U16_A3", 240.4, 80.47, "B", "SMD", "SYNC_RX", "", "C", 8.5, 8.5, 0, 270],
		[299, "U16_A4", 240.4, 64.72, "B", "SMD", "U16_A4", "", "C", 8.5, 8.5, 0, 270],
		[300, "U16_B1", 256.15, 111.96, "B", "SMD", "HT3V3", "", "C", 8.5, 8.5, 0, 270],
		[301, "U16_B2", 256.15, 96.21, "B", "SMD", "U16_B2", "", "C", 8.5, 8.5, 0, 270],
		[302, "U16_B3", 256.15, 80.47, "B", "SMD", "GND", "GND", "C", 8.5, 8.5, 0, 270],
		[303, "U16_B4", 256.15, 64.72, "B", "SMD", "GND", "GND", "C", 8.5, 8.5, 0, 270],
		[304, "U16_C1", 271.9, 111.96, "B", "SMD", "U16_C1", "", "C", 8.5, 8.5, 0, 270],
		[305, "U16_C2", 271.9, 96.21, "B", "SMD", "P3.0_TXD_SWD", "", "C", 8.5, 8.5, 0, 270],
		[306, "U16_C3", 271.9, 80.47, "B", "SMD", "U16_C3", "", "C", 8.5, 8.5, 0, 270],
		[307, "U16_C4", 271.9, 64.72, "B", "SMD", "P3.0_RXD_SWD", "", "C", 8.5, 8.5, 0, 270],
		[308, "U17_A1", 240.16, 23.62, "B", "SMD", "UART_DIR", "", "C", 8.5, 8.5, 0, 270],
		[309, "U17_A2", 240.16, 7.87, "B", "SMD", "U17_A2", "", "C", 8.5, 8.5, 0, 270],
		[310, "U17_A3", 240.16, -7.87, "B", "SMD", "SYNC_TX", "", "C", 8.5, 8.5, 0, 270],
		[311, "U17_A4", 240.16, -23.62, "B", "SMD", "U17_A4", "", "C", 8.5, 8.5, 0, 270],
		[312, "U17_B1", 255.9, 23.62, "B", "SMD", "HT3V3", "", "C", 8.5, 8.5, 0, 270],
		[313, "U17_B2", 255.9, 7.87, "B", "SMD", "U17_B2", "", "C", 8.5, 8.5, 0, 270],
		[314, "U17_B3", 255.9, -7.87, "B", "SMD", "GND", "GND", "C", 8.5, 8.5, 0, 270],
		[315, "U17_B4", 255.9, -23.62, "B", "SMD", "GND", "GND", "C", 8.5, 8.5, 0, 270],
		[316, "U17_C1", 271.65, 23.62, "B", "SMD", "U17_C1", "", "C", 8.5, 8.5, 0, 270],
		[317, "U17_C2", 271.65, 7.87, "B", "SMD", "P3.0_RXD_SWD", "", "C", 8.5, 8.5, 0, 270],
		[318, "U17_C3", 271.65, -7.87, "B", "SMD", "U17_C3", "", "C", 8.5, 8.5, 0, 270],
		[319, "U17_C4", 271.65, -23.62, "B", "SMD", "P3.0_TXD_SWD", "", "C", 8.5, 8.5, 0, 270],
		[320, "U18_A1", 240.16, -151.58, "B", "SMD", "SWD_DIR", "", "C", 8.5, 8.5, 0, 270],
		[321, "U18_A2", 240.16, -167.33, "B", "SMD", "U18_A2", "", "C", 8.5, 8.5, 0, 270],
		[322, "U18_A3", 240.16, -183.07, "B", "SMD", "SYNC_SWDIO", "", "C", 8.5, 8.5, 0, 270],
		[323, "U18_A4", 240.16, -198.82, "B", "SMD", "U18_A4", "", "C", 8.5, 8.5, 0, 270],
		[324, "U18_B1", 255.9, -151.58, "B", "SMD", "HT3V3", "", "C", 8.5, 8.5, 0, 270],
		[325, "U18_B2", 255.9, -167.33, "B", "SMD", "U18_B2", "", "C", 8.5, 8.5, 0, 270],
		[326, "U18_B3", 255.9, -183.07, "B", "SMD", "GND", "GND", "C", 8.5, 8.5, 0, 270],
		[327, "U18_B4", 255.9, -198.82, "B", "SMD", "GND", "GND", "C", 8.5, 8.5, 0, 270],
		[328, "U18_C1", 271.65, -151.58, "B", "SMD", "U18_C1", "", "C", 8.5, 8.5, 0, 270],
		[329, "U18_C2", 271.65, -167.33, "B", "SMD", "P1.4_SWCLK_SWD", "", "C", 8.5, 8.5, 0, 270],
		[330, "U18_C3", 271.65, -183.07, "B", "SMD", "U18_C3", "", "C", 8.5, 8.5, 0, 270],
		[331, "U18_C4", 271.65, -198.82, "B", "SMD", "P1.1_SWDIO_SWD", "", "C", 8.5, 8.5, 0, 270],
		[332, "U19_A1", 240.16, -63.98, "B", "SMD", "SWD_DIR", "", "C", 8.5, 8.5, 0, 270],
		[333, "U19_A2", 240.16, -79.73, "B", "SMD", "U19_A2", "", "C", 8.5, 8.5, 0, 270],
		[334, "U19_A3", 240.16, -95.47, "B", "SMD", "SYNC_SWCLK", "", "C", 8.5, 8.5, 0, 270],
		[335, "U19_A4", 240.16, -111.22, "B", "SMD", "U19_A4", "", "C", 8.5, 8.5, 0, 270],
		[336, "U19_B1", 255.9, -63.98, "B", "SMD", "HT3V3", "", "C", 8.5, 8.5, 0, 270],
		[337, "U19_B2", 255.9, -79.73, "B", "SMD", "U19_B2", "", "C", 8.5, 8.5, 0, 270],
		[338, "U19_B3", 255.9, -95.47, "B", "SMD", "GND", "GND", "C", 8.5, 8.5, 0, 270],
		[339, "U19_B4", 255.9, -111.22, "B", "SMD", "GND", "GND", "C", 8.5, 8.5, 0, 270],
		[340, "U19_C1", 271.65, -63.98, "B", "SMD", "U19_C1", "", "C", 8.5, 8.5, 0, 270],
		[341, "U19_C2", 271.65, -79.73, "B", "SMD", "P1.1_SWDIO_SWD", "", "C", 8.5, 8.5, 0, 270],
		[342, "U19_C3", 271.65, -95.47, "B", "SMD", "U19_C3", "", "C", 8.5, 8.5, 0, 270],
		[343, "U19_C4", 271.65, -111.22, "B", "SMD", "P1.4_SWCLK_SWD", "", "C", 8.5, 8.5, 0, 270],
		[344, "USB1_25", -405.18, 212.6, "T", "DIP", "GND", "GND", "O", 43.31, 102.36, 82.68, 270],
		[345, "USB1_25", -405.18, 212.6, "B", "DIP", "GND", "GND", "O", 43.31, 102.36, 82.68, 270],
		[346, "USB1_25", -532.34, 212.6, "T", "DIP", "GND", "GND", "O", 43.31, 94.49, 70.87, 270],
		[347, "USB1_25", -532.34, 212.6, "B", "DIP", "GND", "GND", "O", 43.31, 94.49, 70.87, 270],
		[348, "USB1_26", -532.35, -212.6, "T", "DIP", "GND", "GND", "O", 43.31, 94.49, 70.87, 270],
		[349, "USB1_26", -532.35, -212.6, "B", "DIP", "GND", "GND", "O", 43.31, 94.49, 70.87, 270],
		[350, "USB1_26", -405.18, -212.6, "T", "DIP", "GND", "GND", "O", 43.31, 102.36, 82.68, 270],
		[351, "USB1_26", -405.18, -212.6, "B", "DIP", "GND", "GND", "O", 43.31, 102.36, 82.68, 270],
		[352, "USB1_27", -380.77, -167.32, "T", "SMD", "GND", "GND", "R", 11.81, 35.43, 0, 270],
		[353, "USB1_28", -380.77, 167.32, "T", "SMD", "GND", "GND", "R", 11.81, 35.43, 0, 270],
		[354, "USB1_A1", -380.77, 147.64, "T", "SMD", "GND", "GND", "R", 11.81, 35.43, 0, 270],
		[355, "USB1_A12", -380.77, -147.64, "T", "SMD", "GND", "GND", "R", 11.81, 35.43, 0, 270],
		[356, "USB1_A4", -380.77, 108.27, "T", "SMD", "VBUS", "", "R", 11.81, 35.43, 0, 270],
		[357, "USB1_A5", -380.77, 68.9, "T", "SMD", "$1N1017", "", "R", 11.81, 35.43, 0, 270],
		[358, "USB1_A6", -380.77, 29.53, "T", "SMD", "USB_DP", "", "R", 11.81, 35.43, 0, 270],
		[359, "USB1_A7", -380.77, -29.53, "T", "SMD", "USB_DN", "", "R", 11.81, 35.43, 0, 270],
		[360, "USB1_A8", -380.77, -68.9, "T", "SMD", "GD_DIO", "", "R", 11.81, 35.43, 0, 270],
		[361, "USB1_A9", -380.77, -108.27, "T", "SMD", "VBUS", "", "R", 11.81, 35.43, 0, 270],
		[362, "USB1_B1", -380.77, -127.95, "T", "SMD", "GND", "GND", "R", 11.81, 35.43, 0, 270],
		[363, "USB1_B12", -380.77, 127.95, "T", "SMD", "GND", "GND", "R", 11.81, 35.43, 0, 270],
		[364, "USB1_B4", -380.77, -88.58, "T", "SMD", "VBUS", "", "R", 11.81, 35.43, 0, 270],
		[365, "USB1_B5", -380.77, -49.21, "T", "SMD", "$1N826", "", "R", 11.81, 35.43, 0, 270],
		[366, "USB1_B6", -380.77, -9.84, "T", "SMD", "USB_DP", "", "R", 11.81, 35.43, 0, 270],
		[367, "USB1_B7", -380.77, 9.84, "T", "SMD", "USB_DN", "", "R", 11.81, 35.43, 0, 270],
		[368, "USB1_B8", -380.77, 49.21, "T", "SMD", "GD_CLK", "", "R", 11.81, 35.43, 0, 270],
		[369, "USB1_B9", -380.77, 88.58, "T", "SMD", "VBUS", "", "R", 11.81, 35.43, 0, 270],
		[370, "X1_1", 175.76, -39.34, "T", "SMD", "PD0_OSC_IN", "", "R", 39.37, 39.37, 0, 90],
		[371, "X1_1", 222.26, -29.39, "T", "SMD", "PD0_OSC_IN", "", "R", 19.68, 27.56, 0, 90],
		[372, "X1_2", 191.26, 42, "T", "SMD", "PD1_OSC_OUT", "", "R", 39.37, 70.87, 0, 90]
	]
}
}